<?xml version="1.0" encoding="UTF-8"?>
<!--x3ml file generated by 3M-VRE4EIC version 3.0 (http://www.ics.forth.gr/isl/3M)-->
<x3ml xmlns:xsi="http://www.w3.org/2001/XMLSchema-instance" source_type="" version="" xsi:noNamespaceSchemaLocation="x3ml_v1.2.xsd">
    <info>
        <title/>
        <general_description/>
        <source>
            <source_info>
                <source_schema type="" version=""/>
                <namespaces>
                    <namespace uri="" prefix=""/>
                </namespaces>
            </source_info>
            <source_collection/>
        </source>
        <target>
            <target_info>
                <target_schema type="" version=""/>
                <namespaces>
                    <namespace uri="" prefix=""/>
                </namespaces>
            </target_info>
            <target_collection/>
        </target>
        <mapping_info>
            <mapping_created_by_org/>
            <mapping_created_by_person/>
            <in_collaboration_with/>
        </mapping_info>
        <example_data_info>
            <example_data_from/>
            <example_data_contact_person/>
            <example_data_source_record/>
            <example_data_target_record/>
        </example_data_info>
    </info>
    <namespaces>
        <namespace uri="" prefix=""/>
    </namespaces>
    <mappings>
        <mapping>
            <domain>
                <source_node/>
                <target_node>
                    <entity>
                        <type/>
                        <instance_generator name="UUID"/>
                    </entity>
                </target_node>
            </domain>
            <link>
                <path>
                    <source_relation>
                        <relation/>
                    </source_relation>
                    <target_relation>
                        <relationship/>
                    </target_relation>
                </path>
                <range>
                    <source_node/>
                    <target_node>
                        <entity>
                            <type/>
                            <instance_generator name="UUID"/>
                        </entity>
                    </target_node>
                </range>
            </link>
        </mapping>
    </mappings>
	<!-- Optional Part, generated by hand-->
    <optionalPart>
        <comments>
            <comment type="">
                <rationale/>
                <alternatives/>
                <typical_mistakes/>
                <local_habits/>
                <link_to_cook_book/>
                <example>
                    <example_source/>
                    <example_target/>
                </example>
                <comments_last_update person="" date=""/>
            </comment>
        </comments>
        <additional>
            <relationship/>
            <entity>
                <type/>
                <instance_info>
                    <constant/>
                </instance_info>
                <instance_generator name="UUID"/>
            </entity>
        </additional>
        <intermediate>
            <entity>
                <type/>
                <instance_generator name="UUID"/>
            </entity>
            <relationship/>
        </intermediate>
        <source_intermediate>
            <node/>
            <relation/>
        </source_intermediate>
        <type/>
        <if>
            <exists/>
        </if>
        <if>
            <not>
                <if>
                    <exists/>
                </if>
            </not>
        </if>
        <if>
            <equals value=""/>
        </if>
        <if>
            <not>
                <if>
                    <equals value=""/>
                </if>
            </not>
        </if>
        <if>
            <narrower value=""/>
        </if>
        <instance_generator name=""/>
        <label_generator name=""/>
        <arg name="" type="xpath"/>
        <namespaces>
            <namespace uri="" prefix=""/>
        </namespaces>
    </optionalPart>
</x3ml>