<collection xmlns="http://exist.sourceforge.net/NS/exist" name="/db/DMSCOLLECTION/3M/x3ml" owner="admin" group="dba" mode="755" created="2016-04-01T16:09:21+03:00" version="1">
    <acl entries="0" version="1"/>
    <resource type="XMLResource" name="3MTemplate.xml" owner="admin" group="dba" mode="644" created="2016-04-01T16:09:21+03:00" modified="2016-04-01T16:09:21+03:00" filename="3MTemplate.xml" mimetype="application/xml">
        <acl entries="0" version="1"/>
    </resource>
    <resource type="XMLResource" name="Help.xml" owner="admin" group="dba" mode="644" created="2016-04-01T16:09:22+03:00" modified="2016-04-01T16:09:22+03:00" filename="Help.xml" mimetype="application/xml">
        <acl entries="0" version="1"/>
    </resource>
    <resource type="XMLResource" name="schemata_list.xml" owner="admin" group="dba" mode="644" created="2016-04-01T16:09:22+03:00" modified="2016-04-01T16:09:22+03:00" filename="schemata_list.xml" mimetype="application/xml">
        <acl entries="0" version="1"/>
    </resource>   
</collection>