<help><description field="title">Title of mapping.</description><description field="explanation">Help text incomplete.</description><description field="source_schema">Help text incomplete.</description><description field="source_collection">Help text incomplete.</description><description field="target_schema">Help text incomplete.</description><description field="target_collection">Help text incomplete.</description><description field="created_by">Help text incomplete.</description><description field="contact_person">Help text incomplete.</description><description field="collaboration">Help text incomplete.</description><description field="sample_data">Help text incomplete.</description><description field="provided_by">Help text incomplete.</description><description field="contact_person">Help text incomplete.</description><description field="source_record">Help text incomplete.</description><description field="target_record">Help text incomplete.</description></help>