<target_schemata>
<!--
    <target_info id="1">
        <target_schema schema_file="cidoc_crm_v6.0-draft-2015January.rdfs" type="rdfs" version="6.0">CIDOC-CRM</target_schema>
        <namespace prefix="crm" uri="http://www.cidoc-crm.org/cidoc-crm/"/>
    </target_info>
    <target_info id="2">
        <target_schema schema_file="CRMdig_v3.2.rdfs" type="rdfs" version="3.2">CRMdig</target_schema>
        <namespace prefix="crmdig" uri="http://www.ics.forth.gr/isl/CRMext/CRMdig.rdfs/"/>
    </target_info>
    <target_info id="3">
        <target_schema schema_file="CRMgeo_v1.2.rdfs" type="rdfs" version="1.2">CRMgeo</target_schema>
        <namespace prefix="crmgeo" uri="http://www.ics.forth.gr/isl/CRMext/CRMgeo.rdfs/"/>
    </target_info>
    <target_info id="4">
        <target_schema schema_file="CRMsci_v1.2.2.rdfs" type="rdfs" version="1.2.2">CRMsci</target_schema>
        <namespace prefix="crmsci" uri="http://www.ics.forth.gr/isl/CRMext/CRMsci.rdfs/"/>
    </target_info>
    <target_info id="5">
        <target_schema schema_file="CRMarchaeo_v1.2.1.rdfs" type="rdfs" version="1.2.1">CRMarchaeo</target_schema>
        <namespace prefix="crmarchaeo" uri="http://www.ics.forth.gr/isl/CRMext/CRMarchaeo.rdfs/"/>
    </target_info>	
    <target_info id="6">
        <target_schema schema_file="FRBR2.0-draft-B.rdfs" type="rdfs" version="2.1">FRBR</target_schema>
        <namespace prefix="frbr" uri="http://www.cidoc-crm.org/frbr/"/>
    </target_info>
    <target_info id="7">
        <target_schema schema_file="CRMext4SKOSandLabel_v1.2.rdfs" type="rdfs" version="1.2">CRMext4SKOSandLabel</target_schema>
        <namespace prefix="skos" uri="http://www.w3.org/2004/02/skos/core#"/>
    </target_info>
    <target_info id="8">
        <target_schema schema_file="CRMpc_v1.0.rdfs" type="rdfs" version="1.0">CRMpc</target_schema>
        <namespace prefix="crm" uri="http://www.cidoc-crm.org/cidoc-crm/"/>
    </target_info>
--></target_schemata>