<collection xmlns="http://exist.sourceforge.net/NS/exist" name="/db/DMSCOLLECTION/3M/DMSFILES/applicationFiles/xqFiles" owner="admin" group="dba" mode="755" created="2016-04-01T16:09:17+03:00" version="1">
    <acl entries="0" version="1"/>
    <resource type="BinaryResource" name="1.xq" owner="admin" group="dba" mode="644" created="2016-04-01T16:09:17+03:00" modified="2016-04-01T16:09:17+03:00" filename="1.xq" mimetype="application/xquery">
        <acl entries="0" version="1"/>
    </resource>
    <resource type="BinaryResource" name="2.xq" owner="admin" group="dba" mode="644" created="2016-04-01T16:09:18+03:00" modified="2016-04-01T16:09:18+03:00" filename="2.xq" mimetype="application/xquery">
        <acl entries="0" version="1"/>
    </resource>
    <resource type="BinaryResource" name="sysadmin" owner="admin" group="dba" mode="644" created="2016-04-01T16:09:18+03:00" modified="2016-04-01T16:09:18+03:00" filename="sysadmin" mimetype="application/octet-stream">
        <acl entries="0" version="1"/>
    </resource>
</collection>