<!--x3ml file generated by 3M version 3.0 (http://www.ics.forth.gr/isl/3M)-->
<x3ml xmlns:xsi="http://www.w3.org/2001/XMLSchema-instance" source_type="xpath" version="1.0" xsi:noNamespaceSchemaLocation="">
	<info>
		<title></title>
		<general_description></general_description>
		<source>
			<source_info>
				<source_schema type="" version=""></source_schema>
				<namespaces>
					<namespace prefix="" uri=""></namespace>
				</namespaces>
			</source_info>
			<source_collection></source_collection>
		</source>
		<mapping_info>
			<mapping_created_by_org></mapping_created_by_org>
			<mapping_created_by_person></mapping_created_by_person>
			<in_collaboration_with></in_collaboration_with>
		</mapping_info>
		<example_data_info>
			<example_data_from></example_data_from>
			<example_data_contact_person></example_data_contact_person>
			<example_data_source_record></example_data_source_record>
			<generator_policy_info></generator_policy_info>
			<example_data_target_record></example_data_target_record>
		</example_data_info>
	</info>
	<namespaces>
		<namespace prefix="" uri=""></namespace>
	</namespaces>
	<mappings>
		<mapping>
			<domain>
				<source_node></source_node>
				<target_node>
					<entity>
						<type></type>
					</entity>
				</target_node>
			</domain>
		</mapping>
	</mappings>
	<admin>
		<id>0</id>
		<uri_id></uri_id>
		<lang></lang>
		<organization></organization>
		<creator></creator>
		<saved></saved>
		<locked></locked>
		<status></status>
		<versions>
			<versionId></versionId>
			<versionUser></versionUser>
			<versionDate></versionDate>
		</versions>
	</admin>
</x3ml>
