<collection xmlns="http://exist.sourceforge.net/NS/exist" name="/db/DMSCOLLECTION/3M/DMSFILES/applicationFiles/management_xmlFiles" owner="admin" group="dba" mode="755" created="2016-04-01T16:09:15+03:00" version="1">
    <acl entries="0" version="1"/>
    <resource type="XMLResource" name="actionsMenu.xml" owner="admin" group="dba" mode="644" created="2016-04-01T16:09:15+03:00" modified="2016-04-01T16:09:15+03:00" filename="actionsMenu.xml" mimetype="application/xml">
        <acl entries="0" version="1"/>
    </resource>
    <resource type="XMLResource" name="leftmenu.xml" owner="admin" group="dba" mode="644" created="2016-04-01T16:09:16+03:00" modified="2016-04-01T16:09:16+03:00" filename="leftmenu.xml" mimetype="application/xml">
        <acl entries="0" version="1"/>
    </resource>
    <resource type="XMLResource" name="missingActions.xml" owner="admin" group="dba" mode="644" created="2016-04-01T16:09:16+03:00" modified="2016-04-01T16:09:16+03:00" filename="missingActions.xml" mimetype="application/xml">
        <acl entries="0" version="1"/>
    </resource>
    <resource type="XMLResource" name="topmenu.xml" owner="admin" group="dba" mode="644" created="2016-04-01T16:09:16+03:00" modified="2016-04-01T16:09:16+03:00" filename="topmenu.xml" mimetype="application/xml">
        <acl entries="0" version="1"/>
    </resource>
</collection>