<actions>
    <menugroup id="1" type="topcontent">
        <menu id="New" img_src="/formating/images/create.png" help="newHelp">
            <actionPerType id="Mapping">
                <userRights href="AdminEntity?type=Mapping&amp;action=toinsert">admin</userRights>
                <userRights href="AdminEntity?type=Mapping&amp;action=toinsert">editor</userRights>
            </actionPerType>
            <actionPerType id="AdminUser">
                <userRights href="AdminUser?action=toinsert">admin</userRights>
            </actionPerType>
            <actionPerType id="AdminOrg">
                <userRights href="AdminOrg?action=toinsert&amp;mode=sys">sysadmin</userRights>
            </actionPerType>
            <actionPerType id="Backup">
                <userRights href="javascript:backupRestore('Storage?action=backup', 'backup','', 'true')">admin</userRights>
                <userRights href="javascript:backupRestore('Storage?action=backup', 'backup','', 'true')">sysadmin</userRights>
            </actionPerType>
            <label>Eisagwgi</label>
        </menu>
    </menugroup>
    <menugroup id="2" type="topcontent">
        <menu id="View" img_src="/formating/images/view.png" help="viewHelp">
            <actionPerType id="AdminUser">
                <userRights id="AdminUser?action=view&amp;id=" href="">admin</userRights>
                <userRights id="AdminUser?action=view&amp;id=" href="">sysadmin</userRights>
            </actionPerType>
            <actionPerType id="AdminOrg">
                <userRights id="AdminOrg?action=view&amp;id=" href="">admin</userRights>
                <userRights id="AdminOrg?action=view&amp;mode=sys&amp;id=" href="">sysadmin</userRights>
            </actionPerType>
            <actionPerType id="Mapping">
                <userRights href="javascript:void(0)" id="/3MEditor/Index?type=Mapping&amp;action=view&amp;lang=&amp;id=" onclick="">editor</userRights>
                <userRights href="javascript:void(0)" id="/3MEditor/Index?type=Mapping&amp;action=view&amp;lang=&amp;id=" onclick="">guest</userRights>
                <userRights href="javascript:void(0)" id="/3MEditor/Index?type=Mapping&amp;action=view&amp;lang=&amp;id=" onclick="">admin</userRights>
                <userRights href="javascript:void(0)" id="/3MEditor/Index?type=Mapping&amp;action=view&amp;lang=&amp;id=" onclick="">sysadmin</userRights>
            </actionPerType>
            <label>Proboli</label>
        </menu>
    </menugroup>
	<!--menugroup id="3" type="topcontent" img_src="formating/images/arrow_down.png">
        <menu id="View">
            <submenu id="View" img_src="/formating/images/view.png" help="viewHelp">
                <actionPerType id="Mapping">
                    <userRights href="javascript:void(0)" id="/x3mlEditor/Index?type=Mapping&action=view&lang=&id=" onclick="">editor</userRights>
                    <userRights href="javascript:void(0)" id="/x3mlEditor/Index?type=Mapping&action=view&lang=&id=" onclick="">guest</userRights>
                    <userRights href="javascript:void(0)" id="/x3mlEditor/Index?type=Mapping&action=view&lang=&id=" onclick="">admin</userRights>
                    <userRights href="javascript:void(0)" id="/x3mlEditor/Index?type=Mapping&action=view&lang=&id=" onclick="">sysadmin</userRights>
                </actionPerType>
                <label>Proboli_current</label>
            </submenu>
            <submenu id="View" img_src="/formating/images/view.png" help="viewHelp">
                <actionPerType id="Mapping">
                    <userRights href="javascript:void(0)" id="/3MEditor/Index?type=Mapping&action=view&lang=&id=" onclick="">editor</userRights>
                    <userRights href="javascript:void(0)" id="/3MEditor/Index?type=Mapping&action=view&lang=&id=" onclick="">guest</userRights>
                    <userRights href="javascript:void(0)" id="/3MEditor/Index?type=Mapping&action=view&lang=&id=" onclick="">admin</userRights>
                    <userRights href="javascript:void(0)" id="/3MEditor/Index?type=Mapping&action=view&lang=&id=" onclick="">sysadmin</userRights>
                </actionPerType>
                <label>Proboli_new</label>
            </submenu>
        </menu>
        <label>Proboli</label>
    </menugroup-->
    <menugroup id="3" type="topcontent">
        <menu id="Edit" img_src="/formating/images/edit.png" help="editHelp">
            <actionPerType id="AdminUser">
                <userRights id="AdminUser?action=toedit&amp;mode=&amp;id=" href="#">admin</userRights>
                <userRights id="AdminUser?action=toedit&amp;mode=sys&amp;id=" href="">sysadmin</userRights>
            </actionPerType>
            <actionPerType id="AdminOrg">
                <userRights id="AdminOrg?action=toedit&amp;id=" href="#">admin</userRights>
                <userRights id="AdminOrg?action=toedit&amp;mode=sys&amp;id=" href="#">sysadmin</userRights>
            </actionPerType>
            <actionPerType id="Mapping">
                <userRights href="javascript:void(0)" id="/3MEditor/Index?type=Mapping&amp;id=&amp;lang=" onclick="">editor</userRights>
                <userRights href="javascript:void(0)" id="/3MEditor/Index?type=Mapping&amp;id=&amp;lang=" onclick="">admin</userRights>
            </actionPerType>
            <label>Epexergasia</label>
        </menu>
    </menugroup>
	<!--menugroup id="3" type="topcontent" img_src="formating/images/arrow_down.png">
        <menu id="Edit">
            <submenu id="Edit" img_src="/formating/images/editdoc.gif" help="editHelp">
                <actionPerType id="Mapping">
                    <userRights href="javascript:void(0)" id="/x3mlEditor/Index?type=Mapping&id=&lang=" onclick="">editor</userRights>
                    <userRights href="javascript:void(0)" id="/x3mlEditor/Index?type=Mapping&id=&lang=" onclick="">admin</userRights>
                </actionPerType>
                <label>Epexergasia_current</label>
            </submenu>
            <submenu id="Edit" img_src="/formating/images/editdoc.gif" help="editHelp">
                <actionPerType id="Mapping">
                    <userRights href="javascript:void(0)" id="/3MEditor/Index?type=Mapping&id=&lang=" onclick="">editor</userRights>
                    <userRights href="javascript:void(0)" id="/3MEditor/Index?type=Mapping&id=&lang=" onclick="">admin</userRights>
                </actionPerType>
                <label>Epexergasia_new</label>
            </submenu>
        </menu>
        <label>Epexergasia</label>
    </menugroup-->
    <menugroup id="6" type="topcontent" img_src="formating/images/arrow_down.png">
        <menu id="Dimosieusi">
            <submenu id="AitisiDimosieusis" img_src="/formating/images/requestpublishdoc.png" help="reqpublishHelp">
                <actionPerType id="Mapping">
                    <userRights id="javascript:if ( confirmAction(str) ) location.href='AdminEntity?action=reqpublish&amp;type=Mapping&amp;id=';" href="">editor</userRights>
                    <userRights id="javascript:if ( confirmAction(str) ) location.href='AdminEntity?action=reqpublish&amp;type=Mapping&amp;id=';" href="">admin</userRights>
                </actionPerType>
                <label>AitisiDimosieusis</label>
            </submenu>
            <submenu id="Dimosieusi" img_src="/formating/images/publish.png">
                <actionPerType id="Mapping">
                    <userRights id="AdminEntity?type=Mapping&amp;action=publish&amp;id=" href="">admin</userRights>
                    <userRights id="AdminEntity?type=Mapping&amp;action=publish&amp;id=" href="">sysadmin</userRights>
                </actionPerType>
                <label>Dimosieusi</label>
            </submenu>
            <submenu id="AporipsiDimosieusis" img_src="/formating/images/rejectpublishdoc.png">
                <actionPerType id="Mapping">
                    <userRights id="AdminEntity?type=Mapping&amp;action=torejectpublish&amp;id=" href="">admin</userRights>
                    <userRights id="AdminEntity?type=Mapping&amp;action=torejectpublish&amp;id=" href="">sysadmin</userRights>
                </actionPerType>
                <label>AporipsiDimosieusis</label>
            </submenu>
            <submenu id="Apodimosieusi" img_src="/formating/images/unpublishdoc.png">
                <actionPerType id="Mapping">
                    <userRights id="AdminEntity?type=Mapping&amp;action=unpublish&amp;id=" href="">admin</userRights>
                    <userRights id="AdminEntity?type=Mapping&amp;action=unpublish&amp;id=" href="">sysadmin</userRights>
                </actionPerType>
                <label>Apodimosieusi</label>
            </submenu>
            <label>DimosieusiLabel</label>
        </menu>
        <menu id="Eisagwgh_Eksagwgh">
            <submenu id="EksagwghProtipu" img_src="/formating/images/export.png">
                <actionPerType id="Mapping">
                    <userRights href="ExportTemplate?type=Mapping">editor</userRights>
                    <userRights href="ExportTemplate?type=Mapping">admin</userRights>
                    <userRights href="ExportTemplate?type=Mapping">sysadmin</userRights>
                </actionPerType>
                <label>EksagwghProtipu</label>
            </submenu>
            <submenu id="EksagwghXML" img_src="/formating/images/export.png" help="exportHelp">
                <actionPerType id="Mapping">
                    <userRights id="ExportXML?type=Mapping&amp;id=" href="#">editor</userRights>
                    <userRights id="ExportXML?type=Mapping&amp;id=" href="#">admin</userRights>
                    <userRights id="ExportXML?type=Mapping&amp;id=" href="#">sysadmin</userRights>
                </actionPerType>
                <label>EksagwghXML</label>
            </submenu>
            <submenu id="ExportSchema" img_src="/formating/images/export.png">
                <actionPerType id="Mapping">
                    <userRights href="ExportSchema?type=Mapping">editor</userRights>
                    <userRights href="ExportSchema?type=Mapping">admin</userRights>
                    <userRights href="ExportSchema?type=Mapping">sysadmin</userRights>
                </actionPerType>
                <label>ExportSchema</label>
            </submenu>
            <submenu id="EksagwghRDF" img_src="/formating/images/import.png">
                <actionPerType id="Mapping">
                    <userRights href="ImportXML?type=Mapping">editor</userRights>
                    <userRights href="ImportXML?type=Mapping">admin</userRights>
                </actionPerType>
                <label>EisagwghXML</label>
            </submenu>
            <label>Eisagwgh_Eksagwgh</label>
        </menu>
        <menu id="Versions">
            <submenu id="CreateVersion" img_src="/formating/images/create.png">
                <actionPerType id="Mapping">
                    <userRights id="CreateVersion?type=Mapping&amp;id=&amp;action=insertComment" href="#">editor</userRights>
                    <userRights id="CreateVersion?type=Mapping&amp;id=&amp;action=insertComment" href="#">admin</userRights>
                </actionPerType>
                <label>Create_Version</label>
            </submenu>
            <submenu id="ViewVersion" img_src="/formating/images/view.png">
                <actionPerType id="Mapping">
                    <userRights id="ViewVersions?type=Mapping&amp;id=" href="#">editor</userRights>
                    <userRights id="ViewVersions?type=Mapping&amp;id=" href="#">admin</userRights>
                </actionPerType>
                <label>View_Version</label>
            </submenu>
            <label>Versions</label>
        </menu>
        <menu id="Delete" img_src="/formating/images/delete.png" help="deleteHelp">
            <submenu id="DeleteSub">
                <actionPerType id="Mapping">
                    <userRights id="javascript:if ( confirmAction(str) ) location.href='DeleteEntity?type=Mapping&amp;status=&amp;mode=&amp;id=';" href="">admin</userRights>
                    <userRights id="javascript:if ( confirmAction(str) ) location.href='DeleteEntity?type=Mapping&amp;status=&amp;mode=&amp;id=';" href="">editor</userRights>
                </actionPerType>
                <actionPerType id="AdminUser">
                    <userRights id="javascript:if ( confirmAction(str) ) location.href='AdminUser?action=delete&amp;id=&amp;mode=';" href="">admin</userRights>
                </actionPerType>
                <actionPerType id="AdminOrg">
                    <userRights id="javascript:if ( confirmAction(str) ) location.href='AdminOrg?action=delete&amp;id=&amp;mode=sys';" href="">sysadmin</userRights>
                </actionPerType>
                <actionPerType id="AdminVoc">
                    <userRights id="javascript:if ( confirmAction(str) ) location.href='AdminVoc?action=delete&amp;id=&amp;file=&amp;menuId=AdminVoc';" href="#">editor</userRights>
                    <userRights id="javascript:if ( confirmAction(str) ) location.href='AdminVoc?action=delete&amp;id=&amp;file=&amp;menuId=AdminVoc';" href="#">admin</userRights>
                </actionPerType>
                <actionPerType id="AdminVocTrans">
                    <userRights id="javascript:if ( confirmAction(str) ) location.href='AdminVoc?action=delete_trans&amp;id=&amp;mode=&amp;file=&amp;menuId=AdminVocTrans'" href="#">editor</userRights>
                    <userRights id="javascript:if ( confirmAction(str) ) location.href='AdminVoc?action=delete_trans&amp;id=&amp;mode=&amp;file=&amp;menuId=AdminVocTrans'" href="#">admin</userRights>
                    <label>AdminVocTrans</label>
                </actionPerType>
                <actionPerType id="Backup">
                    <userRights id="javascript:if ( confirmAction(str) ) location.href='Storage?action=delete&amp;menuId=Backup&amp;id='" href="#">sysadmin</userRights>
                </actionPerType>
                <label>Diagrafi</label>
            </submenu>
        </menu>
        <menu id="UnlockEntity" img_src="/formating/images/unlock.png">
            <submenu id="UnlockEntitySub">
                <actionPerType id="Mapping">
                    <userRights id="UnlockEntity?type=Mapping&amp;id=" href="">editor</userRights>
                    <userRights id="UnlockEntity?type=Mapping&amp;id=" href="">admin</userRights>
                </actionPerType>
                <label>Unlock</label>
            </submenu>
        </menu>
        <menu id="Copy" img_src="/formating/images/copy.png">
            <submenu id="CopySub">
                <actionPerType id="Mapping">
                    <userRights id="CreateCopy?type=Mapping&amp;type=Mapping&amp;id=" href="">admin</userRights>
                    <userRights id="CreateCopy?type=Mapping&amp;type=Mapping&amp;id=" href="">editor</userRights>
                </actionPerType>
                <label>Copy</label>
            </submenu>
        </menu>       
        <menu id="Graph" img_src="/formating/images/view.png">
            <submenu id="GraphSub">
                <actionPerType id="Mapping">
                    <userRights href="javascript:void(0)" id="/Maze/singlemapping.html?id=" onclick="">editor</userRights>
                    <userRights href="javascript:void(0)" id="/Maze/singlemapping.html?id=" onclick="">admin</userRights>
                </actionPerType>
                <label>Graph_Representation</label>
            </submenu>
        </menu>
        <menu id="Listen" img_src="/formating/images/view.png">
            <submenu id="Complare_Sub">
                <actionPerType id="Mapping">
                    <userRights href="ListEntity?type=Mapping&amp;action=compare">admin</userRights>
                    <userRights href="ListEntity?type=Mapping&amp;action=compare">editor</userRights>
                </actionPerType>
                <label>compare</label>
            </submenu>
        </menu>
        <menu id="Dikaiwmata" img_src="/formating/images/admindocrights.gif">
            <submenu id="DikaiwmataSub">
                <actionPerType id="Mapping">
                    <userRights id="AdminEntity?type=Mapping&amp;action=tosetrights&amp;id=" href="">editor</userRights>
                    <userRights id="AdminEntity?type=Mapping&amp;action=tosetrights&amp;id=" href="">admin</userRights>
                </actionPerType>
                <label>Dikaiwmata</label>
            </submenu>
        </menu>
        <menu id="restore_backup" img_src="/formating/images/restore.gif">
            <submenu id="restore_backupSub">
                <actionPerType id="Backup">
                    <userRights id="javascript:  var date=  $('tr.highlighted_resultRow').find('#date')[0].innerHTML; var time=  $('tr.highlighted_resultRow').find('#time')[0].innerHTML; if ( confirmActionRestore(strRestore,date,time)) backupRestore('Storage?action=restore&amp;menu=admin&amp;menuId=Backup&amp;id=', 'restore', '','true')" href="#">sysadmin</userRights>
                </actionPerType>
                <label>restore_backup</label>
            </submenu>
        </menu>
        <label>Perissotera</label>
    </menugroup>
    <menugroup id="Anazitisi" type="topcontent" img_src="formating/images/arrow_down.png">
        <menu id="taDikaMu">
            <submenu id="taDikaMuSub">
                <actionPerType id="Mapping" help="myMapsHelp">
                    <userRights href="ListEntity?type=Mapping&amp;status=allunpublished">editor</userRights>
                    <userRights href="ListEntity?type=Mapping&amp;status=allunpublished">admin</userRights>
                </actionPerType>
                <label>myMappings</label>
            </submenu>
        </menu>
        <menu id="ProboliDimosieumenwn">
            <submenu id="ProboliDimosieumenwnSub">
                <actionPerType id="Mapping">
                    <userRights href="ListEntity?type=Mapping&amp;status=published">guest</userRights>
                    <userRights href="ListEntity?type=Mapping&amp;status=published">editor</userRights>
                    <userRights href="ListEntity?type=Mapping&amp;status=published">admin</userRights>
                    <userRights href="ListEntity?type=Mapping&amp;status=published">sysadmin</userRights>
                </actionPerType>
                <label>ProboliDimosieumenwn</label>
            </submenu>
        </menu>
        <menu id="ProboliMhDimosieumenwn">
            <submenu id="ProboliMhDimosieumenwnSub">
                <actionPerType id="Mapping">
                    <userRights href="ListEntity?type=Mapping&amp;status=unpublished">guest</userRights>
                    <userRights href="ListEntity?type=Mapping&amp;status=unpublished">editor</userRights>
                    <userRights href="AdminListEntity?type=Mapping&amp;status=unpublished">admin</userRights>
                    <userRights href="AdminListEntity?type=Mapping&amp;status=unpublished&amp;mode=sys">sysadmin</userRights>
                </actionPerType>
                <label>ProboliMhDimosieumenwn</label>
            </submenu>
        </menu>
        <menu id="pending">
            <submenu id="pendingSub">
                <actionPerType id="Mapping">
                    <userRights href="ListEntity?type=Mapping&amp;status=pending">guest</userRights>
                    <userRights href="ListEntity?type=Mapping&amp;status=pending">editor</userRights>
                    <userRights href="AdminListEntity?type=Mapping&amp;status=pending">admin</userRights>
                    <userRights href="AdminListEntity?type=Mapping&amp;status=pending&amp;mode=sys">sysadmin</userRights>
                </actionPerType>
                <label>pending</label>
            </submenu>
        </menu>
        <menu id="Locked">
            <submenu id="Locked">
                <actionPerType id="Mapping">
                    <userRights href="ListEntity?type=Mapping&amp;status=locked">editor</userRights>
                    <userRights href="ListEntity?type=Mapping&amp;status=locked">guest</userRights>
                    <userRights href="ListEntity?type=Mapping&amp;status=locked">admin</userRights>
                    <userRights href="ListEntity?type=Mapping&amp;status=locked">sysadmin</userRights>
                </actionPerType>
                <label>locked</label>
            </submenu>
        </menu>
        <menu id="Imported">
            <submenu id="Imported">
                <actionPerType id="Mapping">
                    <userRights href="ListEntity?type=Mapping&amp;status=imported">editor</userRights>
                    <userRights href="ListEntity?type=Mapping&amp;status=imported">guest</userRights>
                    <userRights href="ListEntity?type=Mapping&amp;status=imported">admin</userRights>
                    <userRights href="ListEntity?type=Mapping&amp;status=imported">sysadmin</userRights>
                </actionPerType>
                <label>imported</label>
            </submenu>
        </menu>
        <menu id="Ola">
            <submenu id="OlaSub">
                <actionPerType id="Mapping">
                    <userRights href="ListEntity?type=Mapping">editor</userRights>
                    <userRights href="ListEntity?type=Mapping">guest</userRights>
                    <userRights href="AdminListEntity?type=Mapping">admin</userRights>
                    <userRights href="AdminListEntity?type=Mapping&amp;=sys">sysadmin</userRights>
                </actionPerType>
                <label>Ola</label>
            </submenu>
        </menu>
        <label>Anazitisi</label>
    </menugroup>
</actions>