<leftmenu><menugroup type="left" id="1"><menu id="Mapping"><userRights href="ListEntity?type=Mapping">editor</userRights><userRights href="ListEntity?type=Mapping">guest</userRights><userRights href="ListEntity?type=Mapping">admin</userRights><userRights href="ListEntity?type=Mapping">sysadmin</userRights><label>mappings</label></menu><label>main_menu</label></menugroup><menugroup type="left" id="2"><menu id="help"><userRights href="./Manuals/Help.pdf" target="_blank">editor</userRights><userRights href="./Manuals/Help.pdf" target="_blank">guest</userRights><userRights href="./Manuals/Help.pdf" target="_blank">admin</userRights><userRights href="./Manuals/Help.pdf" target="_blank">sysadmin</userRights><label>short_ins</label></menu><menu id="manual"><userRights href="./Manuals/en/manual.pdf" target="_blank">editor</userRights><userRights href="./Manuals/en/manual.pdf" target="_blank">guest</userRights><userRights href="./Manuals/en/manual.pdf" target="_blank">admin</userRights><userRights href="./Manuals/en/manual.pdf" target="_blank">sysadmin</userRights><label>manual</label></menu><label>Help</label></menugroup><menugroup type="left" id="3"><menu id="AdminOrg"><userRights href="AdminOrg?action=list">admin</userRights><userRights href="AdminOrg?action=list&amp;mode=sys">sysadmin</userRights><label>AdminOrgs</label></menu><menu id="AdminUser"><userRights href="AdminUser?action=list">admin</userRights><userRights href="AdminUser?action=list&amp;mode=sys">sysadmin</userRights><label>AdminUsers</label></menu><menu id="Backup"><userRights href="Storage?action=list&amp;menu=admin&amp;menuId=Backup">admin</userRights><userRights href="Storage?action=list&amp;menu=sysadmin&amp;menuId=Backup">sysadmin</userRights><label>Backup</label></menu><label>admin_tools</label></menugroup></leftmenu>