<?xml version="1.0" encoding="UTF-8"?>
<!--topmenu>
    <menugroup type="top" id="1" img_src="formating/images/arrowDownWhite.png">
        <menu id="Logout" href="Logout">logout</menu>
        <menu id="changePass" href="ChangePass?action=toedit">changePass</menu>
    </menugroup>
</topmenu-->
<topmenu>
    <menugroup type="top" id="1">
        <!--menu id="manuals" img_src="formating/images/help.png">
            <submenu id="help">
                <action id="Help_all" href="./Manuals/">manual</action>
                <action id="Help" href="./Manuals/Help.pdf">short_ins</action>
            </submenu>
        </menu-->
        <menu id="settings" img_src="formating/images/user.png">
            <submenu id="settings">
                <action id="Logout" href="Logout">logout</action>
                <action id="changePass" href="ChangePass?action=toedit">changePass</action>
                <action id="About" href="About">About</action>
            </submenu>
        </menu>
    </menugroup>
</topmenu>