<collection xmlns="http://exist.sourceforge.net/NS/exist" name="/db/DMSCOLLECTION/3M/DMSFILES" owner="admin" group="dba" mode="755" created="2016-04-01T16:09:15+03:00" version="1">
    <acl entries="0" version="1"/>
    <resource type="XMLResource" name="DMSXQueries.xml" owner="admin" group="dba" mode="644" created="2016-04-01T16:09:20+03:00" modified="2016-04-01T16:09:20+03:00" filename="DMSXQueries.xml" mimetype="application/xml">
        <acl entries="0" version="1"/>
    </resource>
    <resource type="XMLResource" name="Uploads.xml" owner="admin" group="dba" mode="644" created="2016-04-01T16:09:20+03:00" modified="2016-04-01T16:09:20+03:00" filename="Uploads.xml" mimetype="application/xml">
        <acl entries="0" version="1"/>
    </resource>
    <resource type="XMLResource" name="Vocabularies.xml" owner="admin" group="dba" mode="644" created="2016-04-01T16:09:20+03:00" modified="2016-04-01T16:09:20+03:00" filename="Vocabularies.xml" mimetype="application/xml">
        <acl entries="0" version="1"/>
    </resource>
    <resource type="XMLResource" name="DatatypeOperators.xml" owner="admin" group="dba" mode="644" created="2016-04-01T16:09:18+03:00" modified="2016-04-01T16:09:18+03:00" filename="DatatypeOperators.xml" mimetype="application/xml">
        <acl entries="0" version="1"/>
    </resource>
    <resource type="XMLResource" name="DMSGroups.xml" owner="admin" group="dba" mode="644" created="2016-04-01T16:09:19+03:00" modified="2016-04-01T16:09:19+03:00" filename="DMSGroups.xml" mimetype="application/xml">
        <acl entries="0" version="1"/>
    </resource>
    <resource type="XMLResource" name="DMSQueries.xml" owner="admin" group="dba" mode="644" created="2016-04-01T16:09:19+03:00" modified="2016-04-01T16:09:19+03:00" filename="DMSQueries.xml" mimetype="application/xml">
        <acl entries="0" version="1"/>
    </resource>
    <resource type="XMLResource" name="DMSTags.xml" owner="admin" group="dba" mode="644" created="2016-04-01T16:09:20+03:00" modified="2016-04-01T16:09:20+03:00" filename="DMSTags.xml" mimetype="application/xml">
        <acl entries="0" version="1"/>
    </resource>
    <resource type="XMLResource" name="DMSUsers.xml" owner="admin" group="dba" mode="644" created="2016-04-01T16:09:20+03:00" modified="2016-04-01T16:09:20+03:00" filename="DMSUsers.xml" mimetype="application/xml">
        <acl entries="0" version="1"/>
    </resource>
    <subcollection name="applicationFiles" filename="applicationFiles"/>
</collection>