<types><time><operator nl="voor" sv="fore" en="before" fr="" gr="ΠΡΙΝ">time1</operator><operator nl="na" sv="efter" en="after" fr="" gr="ΜΕΤΑ">time2</operator><operator nl="gelijk" sv="lika" en="equal" fr="" gr="ΣΥΜΠΙΠΤΕΙ">time3</operator><operator nl="in de loop van" sv="under" en="during" fr="" gr="ΠΕΡΙΕΧΕΤΑΙ">time4</operator><operator nl="bevat" sv="innehaller" en="contains" fr="" gr="ΠΕΡΙΕΧΕΙ">time5</operator><operator nl="overlapt" sv="overlappar" en="overlaps" fr="" gr="ΤΟΜΗ">time6</operator><operator nl="recht overlapt" sv="hoger overlappar" en="right overlaps" fr="" gr="ΤΟΜΗ ΔΕΞΙΑ">time7</operator><operator nl="links overlapt" sv="vanstra overlappar" en="left overlaps" fr="" gr="ΤΟΜΗ ΑΡΙΣΤΕΡΑ">time8</operator></time><string><operator nl="bevat" sv="innehaller" en="contains" fr="contains" gr="ΠΕΡΙΕΧΕΙ">contains</operator><operator nl="=" sv="=" en="=" fr="=" gr="=">=</operator></string></types>