<DMS><queries><query id="1" type="website" uid="1"><info><name>Is_Presentation</name><source>let $i := document('/db/DMSCOLLECTION/SYNTHESIS2.0/DMSFILES/Presentations.xml')/DMS/presentations/presentation/xsl/text()
return if (contains($i, '__constraint__')) then 1 else 0</source></info></query><query id="22" type="website" uid="1"><info><name>Get_Presentation</name><source>let $i := document('/db/DMSCOLLECTION/SYNTHESIS2.0/DMSFILES/Presentations.xml')/DMS/presentations/presentation[@id=__constraint__]
return $i</source></info></query><query id="2" type="website" uid="1"><info><name>Get_Presentation_XPaths</name><source>let $a:=''
return &lt;xp_res&gt;{
for $i in document('/db/DMSCOLLECTION/SYNTHESIS2.0/DMSFILES/Presentations.xml')/DMS/presentations/presentation[@id=__constraint__]/xpaths/xpath
return concat('&lt;xpath grouping="',$i/@grouping,'" name="',$i/@name,'" type="',$i/@type,'"/&gt;{\$b',$i/text(),'}')
}&lt;/xp_res&gt;</source></info></query><query id="3" type="website" uid="1"><info><name>Get_Root_XPath</name><source>let $i := document('/db/DMSCOLLECTION/SYNTHESIS2.0/DMSFILES/Configuration.xml')/Configuration/presentations/xpaths
return $i/@root</source></info></query><query id="4" type="website" uid="1"><info><name>Get_XML</name><source>for $b in document('/db/DMSCOLLECTION/SYNTHESIS2.0/__constraint__')__path__

return &lt;Οντότητα&gt;&lt;ΔΑΠ&gt;&lt;ΤαυτότηταΑΠ&gt;
__placeholder__
&lt;/ΤαυτότηταΑΠ&gt;&lt;/ΔΑΠ&gt;&lt;/Οντότητα&gt;</source></info></query><!-- (Samarita) Added [admin/lang='__constraint__'] to get results per language --><query id="5" type="website" uid="1"><info><name>Get_Index_Table_Data</name><source>let $ll:=''
return &lt;IndexData&gt;
{
let $rrr:=''
return &lt;APCategories&gt;{
for $b in distinct-values(collection('/db/DMSCOLLECTION/SYNTHESIS2.0/AP')/Οντότητα/ΔΑΠ[admin/saved='yes'][admin/status='published'][admin/lang='__constraint__']/ΤαυτότηταΑΠ/Κατηγορία/text())
order by $b
return &lt;APCategory name="{$b}"/&gt;
}&lt;/APCategories&gt;
}
{
let $rrr:=''
return &lt;APNames&gt;{
for $c in collection('/db/DMSCOLLECTION/SYNTHESIS2.0/AP')/Οντότητα/ΔΑΠ[admin/saved='yes'][admin/status='published'][admin/lang='__constraint__']/ΤαυτότηταΑΠ/ΚύριαΤρέχουσαΟνομασία/text()
order by $c
return &lt;APName name="{$c}" id="{util:document-name($c/parent::*)}"/&gt;
}&lt;/APNames&gt;
}
{
let $rrr:=''
return &lt;APLocations&gt;{
for $d in collection('/db/DMSCOLLECTION/SYNTHESIS2.0/Location')/Οντότητα/ΤόποςΟντότητα[admin/saved='yes'][admin/lang='__constraint__']/Ονομασία/text()
order by $d
return &lt;APLocation name="{$d}" id="{util:document-name($d/parent::*)}"/&gt;
}&lt;/APLocations&gt;
}
&lt;/IndexData&gt;</source></info></query><query id="6" type="website" uid="1"><info><name>Get_Outputs</name><source>let $ll:=''
return &lt;outputs&gt;
{
let $rrr:=''
return &lt;AP&gt;{
for $b in document('/db/DMSCOLLECTION/SYNTHESIS2.0/DMSFILES/DMSTags.xml')/DMS/tags/tag[category/text()='AP'][type/text()='output']
return &lt;path xpath="{$b/xpath/text()}" selected="yes"&gt;{$b/displayname/gr/text()}&lt;/path&gt;
}&lt;/AP&gt;
}
{
let $rrr:=''
return &lt;Location&gt;{
for $b in document('/db/DMSCOLLECTION/SYNTHESIS2.0/DMSFILES/DMSTags.xml')/DMS/tags/tag[category/text()='Location'][type/text()='output']
return &lt;path xpath="{$b/xpath/text()}" selected="yes"&gt;{$b/displayname/gr/text()}&lt;/path&gt;
}&lt;/Location&gt;
}
&lt;/outputs&gt;</source></info></query><query id="7" type="website" uid="1"><info><name>Get_Targets</name><source>let $ll:=''
return &lt;targets&gt;
{
let $rrr:=''
return &lt;AP&gt;{
for $b in document('/db/DMSCOLLECTION/SYNTHESIS2.0/DMSFILES/DMSTags.xml')/DMS/tags/tag[category/text()='AP'][type/text()='target']
return &lt;path xpath="{$b/xpath/text()}" selected="yes"&gt;{$b/displayname/gr/text()}&lt;/path&gt;
}&lt;/AP&gt;
}
{
let $rrr:=''
return &lt;Location&gt;{
for $b in document('/db/DMSCOLLECTION/SYNTHESIS2.0/DMSFILES/DMSTags.xml')/DMS/tags/tag[category/text()='Location'][type/text()='target']
return &lt;path xpath="{$b/xpath/text()}" selected="yes"&gt;{$b/displayname/gr/text()}&lt;/path&gt;
}&lt;/Location&gt;
}
&lt;/targets&gt;</source></info></query><query id="8" type="website" uid="1"><info><name>Get_photos</name><source>let $rrr:=''
return &lt;results&gt;{
for $i in collection('/db/DMSCOLLECTION/SYNTHESIS2.0/Archive')

where $i/Οντότητα/ΑρχειακόΣτοιχείο/ΑρχειακήΑναφορά/Σύνδεσμος/@sps_id = '__placeholder__'
return &lt;result&gt;
{$i}
&lt;/result&gt;
}&lt;/results&gt;</source></info></query><!-- (Samarita) Added [admin/lang='__constraint__'] to get results per language in AP (Only for Κατηγορία και Τόπο) --><query id="9" type="website" uid="1"><info><name>Get_AP_Values</name><source>let $lll:=''
return &lt;Τιμές&gt;
{
let $rr:=collection('/db/DMSCOLLECTION/SYNTHESIS2.0/AP')/Οντότητα/ΔΑΠ[admin/saved='yes'][admin/status='published']/ΑναλυτικήΤεκμηρίωση/ΣυσχετίσειςΜνημείου/Συσχέτιση/Περιγραφή/text()
return &lt;Τιμή tagname="Συσχέτιση"&gt;{
for $k in distinct-values(collection('/db/DMSCOLLECTION/SYNTHESIS2.0/AP')/Οντότητα/ΔΑΠ[admin/saved='yes'][admin/status='published']/ΑναλυτικήΤεκμηρίωση/ΣυσχετίσειςΜνημείου/Συσχέτιση/Περιγραφή/text())
let $c := count($k)
order by $k
return 
if ($c &gt; 0) then &lt;Τιμή count ='{$c}' name='{distinct-values($k)}'/&gt;
else ''
}
&lt;Τιμή count="{count($rr)}" id="*" name="Όλες"/&gt;
&lt;/Τιμή&gt;
}
{
let $rr:=collection('/db/DMSCOLLECTION/SYNTHESIS2.0/AP')/Οντότητα/ΔΑΠ[admin/saved='yes'][admin/status='published'][admin/lang='__constraint__']/ΤαυτότηταΑΠ/ΚύριαΤρέχουσαΟνομασία/text()

return &lt;Τιμή tagname="ΚύριαΤρέχουσαΟνομασία"&gt;{
for $k in distinct-values(collection('/db/DMSCOLLECTION/SYNTHESIS2.0/AP')/Οντότητα/ΔΑΠ[admin/saved='yes'][admin/status='published'][admin/lang='__constraint__']/ΤαυτότηταΑΠ/ΚύριαΤρέχουσαΟνομασία/text())
let $c := count($k)
order by $k
return 
if ($c &gt; 0) then &lt;Τιμή count ='{$c}' name='{distinct-values($k)}'/&gt;
else ''
}
&lt;Τιμή count="{count($rr)}" id="*" name="Όλα"/&gt;
&lt;/Τιμή&gt;
}
{
let $rr:=collection('/db/DMSCOLLECTION/SYNTHESIS2.0/AP')/Οντότητα/ΔΑΠ[admin/saved='yes'][admin/status='published'][admin/lang='__constraint__']/ΤαυτότηταΑΠ/Κατηγορία/text()
return &lt;Τιμή tagname="Κατηγορία"&gt;{
for $k in distinct-values(collection('/db/DMSCOLLECTION/SYNTHESIS2.0/AP')/Οντότητα/ΔΑΠ[admin/saved='yes'][admin/status='published'][admin/lang='__constraint__']/ΤαυτότηταΑΠ/Κατηγορία/text())
let $c := count($k)
order by $k
return 
if ($c &gt; 0) then &lt;Τιμή count ='{$c}' name='{distinct-values($k)}'/&gt;
else ''
}
&lt;Τιμή count="{count($rr)}" id="*" name="Όλες"/&gt;
&lt;/Τιμή&gt;
}
{
let $rr:=collection('/db/DMSCOLLECTION/SYNTHESIS2.0/AP')/Οντότητα/ΔΑΠ/admin[saved='yes'][status='published']/lang/text()
return &lt;Τιμή tagname="lang"&gt;{
for $k in distinct-values(collection('/db/DMSCOLLECTION/SYNTHESIS2.0/AP')/Οντότητα/ΔΑΠ/admin[saved='yes'][status='published']/lang/text())
let $c := count($k)
order by $k
return 
if ($c &gt; 0) then &lt;Τιμή count ='{$c}' name='{distinct-values($k)}'/&gt;
else ''
}
&lt;Τιμή count="{count($rr)}" id="*" name="Όλες"/&gt;
&lt;/Τιμή&gt;
}
&lt;/Τιμές&gt;</source></info></query>
<!-- (Samarita) Added [admin/lang='__constraint__'] to get results per language in Person (Only for Ιδιότητα και ΚοινωνικήΟμάδα) --><query id="10" type="website" uid="1"><info><name>Get_Person_Values</name><source>let $lll:=''
return &lt;Τιμές&gt;
{
let $rr:=collection('/db/DMSCOLLECTION/SYNTHESIS2.0/Person')/Οντότητα/ΠρόσωποΟντότητα[admin/saved='yes'][admin/lang='__constraint__']/Ιδιότητα/text()
return &lt;Τιμή tagname="Ιδιότητα"&gt;{
for $k in distinct-values(collection('/db/DMSCOLLECTION/SYNTHESIS2.0/Person')/Οντότητα/ΠρόσωποΟντότητα[admin/saved='yes'][admin/lang='__constraint__']/Ιδιότητα/text())
let $c := count($k)
order by $k
return 
if ($c &gt; 0) then &lt;Τιμή count ='{$c}' name='{distinct-values($k)}'/&gt;
else ''
}
&lt;Τιμή count="{count($rr)}" id="*" name="Όλες"/&gt;
&lt;/Τιμή&gt;
}
{
let $rr:=collection('/db/DMSCOLLECTION/SYNTHESIS2.0/Person')/Οντότητα/ΠρόσωποΟντότητα[admin/saved='yes'][admin/lang='__constraint__']/ΚοινωνικήΟμάδα/text()

return &lt;Τιμή tagname="ΚοινωνικήΟμάδα"&gt;{
for $k in distinct-values(collection('/db/DMSCOLLECTION/SYNTHESIS2.0/Person')/Οντότητα/ΠρόσωποΟντότητα[admin/saved='yes'][admin/lang='__constraint__']/ΚοινωνικήΟμάδα/text())
let $c := count($k)
order by $k
return 
if ($c &gt; 0) then &lt;Τιμή count ='{$c}' name='{distinct-values($k)}'/&gt;
else ''
}
&lt;Τιμή count="{count($rr)}" id="*" name="Όλες"/&gt;
&lt;/Τιμή&gt;
}
{
let $rr:=collection('/db/DMSCOLLECTION/SYNTHESIS2.0/Person')/Οντότητα/ΠρόσωποΟντότητα/admin[saved='yes']/lang/text()
return &lt;Τιμή tagname="lang"&gt;{
for $k in distinct-values(collection('/db/DMSCOLLECTION/SYNTHESIS2.0/Person')/Οντότητα/ΠρόσωποΟντότητα/admin[saved='yes']/lang/text())
let $c := count($k)
order by $k
return 
if ($c &gt; 0) then &lt;Τιμή count ='{$c}' name='{distinct-values($k)}'/&gt;
else ''
}
&lt;Τιμή count="{count($rr)}" id="*" name="Όλες"/&gt;
&lt;/Τιμή&gt;
}
&lt;/Τιμές&gt;</source></info></query>
<!-- (Samarita) Added [admin/lang='__constraint__'] to get results per language in Location (Only for Κατηγορία) --><query id="11" type="website" uid="1"><info><name>Get_Location_Values</name><source>let $lll:=''
return &lt;Τιμές&gt;
{
let $rr:=collection('/db/DMSCOLLECTION/SYNTHESIS2.0/Location')/Οντότητα/ΤόποςΟντότητα[admin/saved='yes'][admin/lang='__constraint__']/Κατηγορία/text()
return &lt;Τιμή tagname="Κατηγορία"&gt;{
for $k in distinct-values(collection('/db/DMSCOLLECTION/SYNTHESIS2.0/Location')/Οντότητα/ΤόποςΟντότητα[admin/saved='yes'][admin/lang='__constraint__']/Κατηγορία/text())
let $c := count($k)
order by $k
return 
if ($c &gt; 0) then &lt;Τιμή count ='{$c}' name='{distinct-values($k)}'/&gt;
else ''
}
&lt;Τιμή count="{count($rr)}" id="*" name="Όλες"/&gt;
&lt;/Τιμή&gt;
}
{
let $rr:=collection('/db/DMSCOLLECTION/SYNTHESIS2.0/Location')/Οντότητα/ΤόποςΟντότητα/admin[saved='yes']/lang/text()
return &lt;Τιμή tagname="lang"&gt;{
for $k in distinct-values(collection('/db/DMSCOLLECTION/SYNTHESIS2.0/Location')/Οντότητα/ΤόποςΟντότητα/admin[saved='yes']/lang/text())
let $c := count($k)
order by $k
return 
if ($c &gt; 0) then &lt;Τιμή count ='{$c}' name='{distinct-values($k)}'/&gt;
else ''
}
&lt;Τιμή count="{count($rr)}" id="*" name="Όλες"/&gt;
&lt;/Τιμή&gt;
}
&lt;/Τιμές&gt;</source></info></query>
<!-- (Samarita) Added [admin/lang='__constraint__'] to get results per language in Bibliography(Only for Είδος) --><query id="12" type="website" uid="1"><info><name>Get_Bibliography_Values</name><source>let $lll:=''
return &lt;Τιμές&gt;
{
let $rr:=collection('/db/DMSCOLLECTION/SYNTHESIS2.0/Bibliography')/Οντότητα/ΒιβλιογραφίαΟντότητα[admin/saved='yes'][admin/lang='__constraint__']/ΕίδοςΒιβλιογραφίας/text()

return &lt;Τιμή tagname="ΕίδοςΒιβλιογραφίας"&gt;{
for $k in distinct-values(collection('/db/DMSCOLLECTION/SYNTHESIS2.0/Bibliography')/Οντότητα/ΒιβλιογραφίαΟντότητα[admin/saved='yes'][admin/lang='__constraint__']/ΕίδοςΒιβλιογραφίας/text())
let $c := count($k)
order by $k
return 
if ($c &gt; 0) then &lt;Τιμή count ='{$c}' name='{distinct-values($k)}'/&gt;
else ''
}
&lt;Τιμή count="{count($rr)}" id="*" name="Όλα"/&gt;
&lt;/Τιμή&gt;
}
{
let $rr:=collection('/db/DMSCOLLECTION/SYNTHESIS2.0/Bibliography')/Οντότητα/ΒιβλιογραφίαΟντότητα/admin[saved='yes']/lang/text()
return &lt;Τιμή tagname="lang"&gt;{
for $k in distinct-values(collection('/db/DMSCOLLECTION/SYNTHESIS2.0/Bibliography')/Οντότητα/ΒιβλιογραφίαΟντότητα/admin[saved='yes']/lang/text())
let $c := count($k)
order by $k
return 
if ($c &gt; 0) then &lt;Τιμή count ='{$c}' name='{distinct-values($k)}'/&gt;
else ''
}
&lt;Τιμή count="{count($rr)}" id="*" name="Όλες"/&gt;
&lt;/Τιμή&gt;
}
&lt;/Τιμές&gt;</source></info></query><query id="13" type="website" uid="1"><info><name>Get_Organization_Values</name><source>let $lll:=''
return &lt;Τιμές&gt;
{
let $rr:=collection('/db/DMSCOLLECTION/SYNTHESIS2.0/Organization')/Οντότητα/ΟργανισμόςΟντότητα/admin[saved='yes']/lang/text()
return &lt;Τιμή tagname="lang"&gt;{
for $k in distinct-values(collection('/db/DMSCOLLECTION/SYNTHESIS2.0/Organization')/Οντότητα/ΟργανισμόςΟντότητα/admin[saved='yes']/lang/text())
let $c := count($k)
order by $k
return 
if ($c &gt; 0) then &lt;Τιμή count ='{$c}' name='{distinct-values($k)}'/&gt;
else ''
}
&lt;Τιμή count="{count($rr)}" id="*" name="Όλες"/&gt;
&lt;/Τιμή&gt;
}
&lt;/Τιμές&gt;</source></info></query><!--Added by samarita--><query id="14" type="website" uid="1"><info><name>Get_Presentation_First_Part</name><source>for $i in document('/db/DMSCOLLECTION/SYNTHESIS2.0/DMSFILES/Configuration.xml')//presentations
let $k := $i/xpaths
return 
&lt;Configuration&gt;
    &lt;presentations&gt;
{$i/xsls} 
&lt;xpaths root="/Οντότητα/ΔΑΠ" type="AP" headerDepth="1"&gt;
{$k/subtree[1]}
&lt;/xpaths&gt;
&lt;/presentations&gt;
&lt;/Configuration&gt;</source></info></query>
<!-- Until 29/1/2007



        <query id="15" type="website" uid="1">
            <info>
                <name>Get_Presentation_Part_By_Name</name>
                <source>for $i in document('/db/DMSCOLLECTION/SYNTHESIS2.0/DMSFILES/Configuration.xml')//presentations
let $k := $i/xpaths
return 


<Configuration>
    <presentations>
{$i/xsls} 

<xpaths root="/Οντότητα/ΔΑΠ" type="AP" headerDepth="1">
{$k//subtree[@node='__constraint__']}
{for $j in $k//subtree[@node!='__constraint__']
return 
<subtree root='{$j/@root}' node='{$j/@node}' type='{$j/@type}' depth='{$j/@depth}' subs='{count($j/subtree)}' parent='{$j/../@node}'/>
}





</xpaths>
</presentations>
</Configuration></source>
            </info>
        </query>
--><query id="15" type="website" uid="1"><info><name>Get_Presentation_Part_By_Name</name><source>for $i in document('/db/DMSCOLLECTION/SYNTHESIS2.0/DMSFILES/Configuration.xml')//presentations
let $k := $i/xpaths
return 
&lt;Configuration&gt;
    &lt;presentations&gt;
{$i/xsls} 
&lt;xpaths root="/Οντότητα/ΔΑΠ" type="AP" headerDepth="1"&gt;
{for $j in $k//subtree
return 
if ($j[@node='__constraint__'])
then $j
else &lt;subtree root='{$j/@root}' node='{$j/@node}' type='{$j/@type}' depth='{$j/@depth}'/&gt;
}
&lt;/xpaths&gt;
&lt;/presentations&gt;
&lt;/Configuration&gt;</source></info></query><query id="16" type="website" uid="1"><info><name>Get_Presentation_Part_By_Position</name><source>for $i in document('/db/DMSCOLLECTION/SYNTHESIS2.0/DMSFILES/Configuration.xml')//presentations
let $k := $i/xpaths
return 
&lt;Configuration&gt;
    &lt;presentations&gt;
{$i/xsls} 
&lt;xpaths root="/Οντότητα/ΔΑΠ" type="AP" headerDepth="1"&gt;
{for $j in $k//subtree[__constraint__]
return 
$j
}
&lt;/xpaths&gt;
&lt;/presentations&gt;
&lt;/Configuration&gt;</source></info></query><query id="17" type="website" uid="1"><info><name>Get_AP_Subtrees</name><source>for $i in document('/db/DMSCOLLECTION/SYNTHESIS2.0/DMSFILES/Configuration.xml')//presentations
let $k := $i/xpaths
return
&lt;Configuration&gt;
{
for $j in $k//subtree
return 
&lt;subtree xpath='{$j/@root}'/&gt;
}
&lt;/Configuration&gt;</source></info></query><query id="18" type="website" uid="1"><info><name>Get_AP_Part</name><source>document('/db/DMSCOLLECTION/SYNTHESIS2.0/AP/__constraint__')__placeholder__</source></info></query><query id="19" type="website" uid="1"><info><name>Get_AP_Part_XPath</name><source>string((document('/db/DMSCOLLECTION/SYNTHESIS2.0/DMSFILES/Configuration.xml')//presentations/xpaths//subtree)[__constraint__]/@root)</source></info></query><query id="20" type="website" uid="1"><info><name>Get_FirstPhoto_Filename</name><source>let $lll:=''
return &lt;Filename&gt;
{
let $arch_id:=doc('__constraint__')//ΤαυτότηταΑΠ/Εικόνα[1]/Σύνδεσμος/@sps_id
let $arch_col:=collection('/db/DMSCOLLECTION/SYNTHESIS2.0/Archive')
return $arch_col//admin[id=$arch_id]/../ΨηφιακόΑρχείο/text()
}
&lt;/Filename&gt;</source></info></query><query id="20" type="website" uid="1"><info><name>Get_Photo_File_By_Id</name><source>let $lll:=''
return &lt;Οντότητα&gt;
{
let $arch_id:='__constraint__'
let $arch_col:=collection('/db/DMSCOLLECTION/SYNTHESIS2.0/Archive')
return $arch_col//admin[id=$arch_id]/..
}
&lt;/Οντότητα&gt;</source></info></query><query id="21" type="website" uid="1"><info><name>Get_Rest_Digital_Files</name><source>let $first_id:=doc('__constraint__')//ΤαυτότηταΑΠ/Εικόνα[1]/Σύνδεσμος/@sps_id

let $arch_id:=doc('__constraint__')//ΤεκμήριαΜνημείου/ΑρχειακήΑναφορά/Σύνδεσμος/@sps_id
let $arch_col:=collection('/db/DMSCOLLECTION/SYNTHESIS2.0/Archive')
return 
&lt;Digital_Files&gt;
{
for $i in $arch_id
where $i!=$first_id
return
&lt;File&gt;
{$i}
{$arch_col//admin[id=$i]/../ΨηφιακόΑρχείο/text()}
&lt;/File&gt;
}
&lt;/Digital_Files&gt;</source></info></query><query id="22" type="website" uid="1"><info><name>Get_AP_Subtrees2</name><source>for $i in document('/db/DMSCOLLECTION/SYNTHESIS2.0/DMSFILES/Configuration.xml')//presentations
let $k := $i/xpaths
return 
&lt;Configuration&gt;
{for $j in $k//subtree
return 
if ($j[@node='__constraint__'])
then $j
else &lt;subtree root='{$j/@root}' node='{$j/@node}' type='{$j/@type}' depth='{$j/@depth}'/&gt;
}
&lt;/Configuration&gt;</source></info></query>
<!-- Added 2 queries to support KAP in IOS (Samarita)--><query id="23" type="website" uid="1"><info><name>Get_KAP_Subtrees</name><source>for $i in document('/db/DMSCOLLECTION/SYNTHESIS2.0/DMSFILES/KAPConfiguration.xml')//presentations
let $k := $i/xpaths
return
&lt;Configuration&gt;
{
for $j in $k//subtree
return 
&lt;subtree xpath='{$j/@root}'/&gt;
}
&lt;/Configuration&gt;</source></info></query><query id="24" type="website" uid="1"><info><name>Get_KAP_Part</name><source>document('/db/DMSCOLLECTION/SYNTHESIS2.0/KAP/__constraint__')__placeholder__</source></info></query><query id="25" type="website" uid="1"><info><name>Get_KAP_Part</name><source>document('/db/DMSCOLLECTION/SYNTHESIS2.0/KAP/__constraint__')__placeholder__</source></info></query><query id="26" type="website" uid="1"><info><name>Get_KAP_Part_XPath</name><source>string((document('/db/DMSCOLLECTION/SYNTHESIS2.0/DMSFILES/KAPConfiguration.xml')//presentations/xpaths//subtree)[__constraint__]/@root)</source></info></query></queries></DMS>