<!-- was: no XML declaration present --><!-- was: no XML declaration present -->
<DMS>
    <tags>
        <tag id="1">
            <type>target</type>
            <category>Mapping</category>
            <xpath>/db/DMSCOLLECTION/3M/Mapping</xpath>
            <rootxpath>/x3ml</rootxpath>
            <tagname/>
            <uri_name>Mapping</uri_name>
            <displayname>
                <en>Mappings</en>
            </displayname>
            <order>1</order>
            <oper/>
            <dataType/>
        </tag>
        <tag id="2">
            <type>input</type>
            <type>site</type>
            <type>listOutput</type>
            <type>title</type>
            <category>Mapping</category>
            <xpath>/x3ml/info/title</xpath>
            <tagname>Τίτλος</tagname>
            <displayname>
                <gr>Τίτλος</gr>
                <en>Title</en>
            </displayname>
            <order>1</order>
            <oper>contains</oper>
            <dataType>string</dataType>
        </tag>
        <tag id="3">
            <type>input</type>
            <type>listOutput</type>
            <category>Mapping</category>
            <xpath>/x3ml/info/source_info/source_schema</xpath>
            <tagname>source_schema</tagname>
            <displayname>
                <en>Source Schema</en>
            </displayname>
            <order>2</order>
            <oper>contains</oper>
            <dataType>string</dataType>
        </tag>
        <tag id="4">
            <type>site</type>
            <category>Mapping</category>
            <xpath>/x3ml/info/source_info/source_schema</xpath>
            <xpath>/x3ml/info/source_info/source_schema/@version</xpath>
            <tagname>source_schema</tagname>
            <displayname>
                <en>Source Schema</en>
            </displayname>
            <order>2</order>
            <oper>contains</oper>
            <dataType>string</dataType>
        </tag>
        <tag id="5">
            <type>input</type>
            <type>listOutput</type>
            <category>Mapping</category>
            <xpath>/x3ml/info/target_info/target_schema</xpath>
            <tagname>target_schema</tagname>
            <displayname>
                <en>Target Schema</en>
            </displayname>
            <order>3</order>
            <oper>contains</oper>
            <dataType>string</dataType>
        </tag>
        <tag id="6">
            <type>site</type>
            <category>Mapping</category>
            <xpath>/x3ml/info/target_info/target_schema</xpath>
            <xpath>/x3ml/info/target_info/target_schema/@version</xpath>
            <tagname>target_schema</tagname>
            <displayname>
                <en>Target Schema</en>
            </displayname>
            <order>3</order>
            <oper>contains</oper>
            <dataType>string</dataType>
        </tag>
        <tag id="7">
            <type>input</type>
            <type>site</type>
            <type>listOutput</type>
            <category>Mapping</category>
            <xpath>/x3ml/info/general_description</xpath>
            <tagname>general_description</tagname>
            <displayname>
                <en>Purpose</en>
            </displayname>
            <order>4</order>
            <oper>contains</oper>
            <dataType>string</dataType>
        </tag>
        <tag id="8">
            <type>site</type>
            <category>Mapping</category>
            <xpath>/x3ml/info/mapping_info/mapping_created_by_org</xpath>
            <xpath>/x3ml/info/mapping_info/mapping_created_by_person</xpath>
            <tagname>created_by</tagname>
            <displayname>
                <en>Created By</en>
            </displayname>
            <order>5</order>
            <oper>contains</oper>
            <dataType>string</dataType>
        </tag>
        <tag id="9">
            <type>adminOutput</type>
            <category>Mapping</category>
            <xpath>//admin/creator</xpath>
            <tagname>Δημιουγός</tagname>
            <xpath>//admin/status</xpath>
            <tagname>AdminStatus</tagname>
            <xpath>//admin/info</xpath>
            <tagname>info</tagname>
            <xpath>//admin/lastModified</xpath>
            <tagname>lastModified</tagname>
        </tag>
    </tags>
</DMS>