<DMS><users><user password="sysadmin9802" id="3" username="sysadmin"><info><firstname>Διαχειριστής Συστήματος</firstname><lastname>Sys Admin</lastname><email/><address/><tel_no/><mobile/><role>smth</role><comment/></info><groups><group>1</group></groups><actions><sysadmin level="high"/></actions></user><user password="admin9802" id="4" username="admin"><info><firstname>Διαχειριστής</firstname><lastname>Admin</lastname><email>agelakis@ics.forth.gr</email><address/><tel_no/><mobile/><role>smth</role><comment/></info><groups><group>1</group></groups><actions><admin level="org"/></actions></user><user password="user9802" id="5" username="user"><info><firstname>Απλός Χρήστης</firstname><lastname>user</lastname><email>konsolak@gmail.com</email><address/><tel_no/><mobile/><role/><comment/></info><groups><group>1</group></groups><actions><editor level="normal"/></actions></user><user password="guest9802" id="6" username="guest"><info><firstname>Δοκιμαστικός επισκέπτης χρήστης</firstname><lastname>guest</lastname><email/><address/><tel_no/><mobile/><role/><comment/></info><groups><group>1</group></groups><actions><guest level="normal"/></actions></user></users></DMS>