<?xml version="1.0" encoding="UTF-8"?>
<uploads>
    <Mapping>
        <xml_schema>
            <mime>
                <type use="schema_file">xsd</type>
                <type use="schema_file">xml</type>
            </mime>
        </xml_schema>
        <rdf_schema>
            <mime>
                <type use="schema_file">rdf</type>
                <type use="schema_file">rdfs</type>
                <type use="schema_file">owl</type>
                <type use="schema_file">ttl</type>
            </mime>
        </rdf_schema>
        <example_files>
            <mime>
                <type>html</type>
                <type>htm</type>
                <type use="xml_link">xml</type>
                <type use="rdf_link">rdf</type>
                <type use="rdf_link">rdfs</type>
                <type use="rdf_link">ttl</type>
            </mime>
        </example_files>
        <generator_files>
            <mime>
                <type use="generator_link">xml</type>
            </mime>
        </generator_files>
    </Mapping>
</uploads>